[
  {
    "nim": "19241928",
    "nama": "Hizkia Kevin Josua",
    "jurusan": "Sistem Informasi",
    "semester": 2,
    "email": "Kevin123@email.com"
  },
  {
    "nim": "789012",
    "nama": "Michael Phoenix",
    "jurusan": "Sistem Informasi",
    "semester": 5,
    "email": "mchael@email.com"
  },
  {
    "nim": "345678",
    "nama": "Cindy Wijaya",
    "jurusan": "Teknik Komputer",
    "semester": 2,
    "email": "cindy@email.com"
  },
  {
    "nim": "19241936",
    "nama": "Muhammad Maftuh Farhan",
    "jurusan": "Sistem Informasi",
    "semester": 2,
    "email": "maftuh123@gmail.com"
  },
  {
    "nim": "19241893",
    "nama": "Aldhoni Putra Liyanto",
    "jurusan": "Sistem Informasi",
    "semester": 2,
    "email": "aldho123@gmail.com"
  }
]
